task	sha	date
A1-generate-provider	f277608	2026-08-12
B1-cli-provider-failure	b83cb46	2026-08-12
A2-generate-api-error-status	89d0aab	2026-08-12
C1-real-cli-e2e	4b73848	2026-08-12
B2-cli-stdin-eof	1921d4c	2026-08-12
B3-cli-flaky-deadline	8998e0e	2026-08-12
B4-cli-show-diff	f393c48	2026-08-12
B5-generate-failure-reason	9e36aa9	2026-08-12
B6-cli-failure-message	afc0f1c	2026-08-12
R1-review-generate	467122f	2026-08-13
R2-review-cli	4867f05	2026-08-13
M1-merge-pr38	819aae1	2026-08-13
R3-review2-generate	a88d465	2026-08-13
R4-review2-cli	2aedb5d	2026-08-13
R5-review3-cli	74aab02	2026-08-13
R6-review4-generate	ac97598	2026-08-13
R7-review4-cli	d90bfed	2026-08-13
C1-cli-report-rendering-T1-runner-renderer	94e1cf9	2026-08-13
C2-cli-report-rendering-T2-cli-output	74c96da	2026-08-13
C3-cli-report-rendering-T3-real-env	a8e3dc4	2026-08-13
T1-cli-process-diagnostics	d8bb233	2026-08-13
T2-cli-process-diagnostics	ad5ce71	2026-08-14
T3-cli-process-diagnostics	754085a	2026-08-14
T4-cli-process-diagnostics	47e78f0	2026-08-14
T1-input-contract	6b30a92	2026-08-14
T4-input-contract	0f776e9	2026-08-14
T2-input-contract	592a3af	2026-08-14
T3-input-contract	4308c90	2026-08-14
T1-approval-fingerprint	cfa921d	2026-08-14
T2-approval-fingerprint	c728f02	2026-08-14
T3-approval-fingerprint	3430f8f	2026-08-14
T1-spec-findings-wiring	e607b9d	2026-08-14
T2-T3-spec-findings-wiring	a6e93b7	2026-08-14
T3b-T4-spec-findings-wiring	c913deb	2026-08-14
T5-spec-findings-wiring	ecef23c	2026-08-14
T4b-T5b-T5c-spec-findings-wiring	b02fcef	2026-08-14
ADR-0018-spec-findings-wiring	ce2292f	2026-08-14
T6-spec-findings-wiring	bfbef20	2026-08-14
T7-spec-findings-wiring	c8a2fab	2026-08-14
T7b-spec-findings-wiring	89b9ce2	2026-08-14
CR2-spec-findings-wiring	1ee7e95	2026-08-14
CR1-spec-findings-wiring	f814db7	2026-08-14
H4-core-http-transport	3e5bcc0	2026-08-14
H2-core-http-transport	a480d5a	2026-08-14
H1-core-http-transport	3fa0760	2026-08-14
H3-core-http-transport	f965849	2026-08-14
H3fix-core-http-transport	053d284	2026-08-14
H3review-core-http-transport	62fbbe8	2026-08-14
T1-contract-axes	1aa458f	2026-08-15
T2-contract-axes	4ff2918	2026-08-15
T3-contract-axes	b87a840	2026-08-15
T4-contract-axes	d515953	2026-08-15
T5-contract-axes	c9e461f	2026-08-15
T6-contract-axes	792681e	2026-08-15
T6b-contract-axes	ed2e3d5	2026-08-15
T7-contract-axes	1161f4f	2026-08-15
T8-contract-axes	b2fa8a3	2026-08-15
T9-contract-axes	4bdf5af	2026-08-15
T10-contract-axes	3690089	2026-08-15
T0-dry-run-gate	7499ee2	2026-08-15
T1-dry-run-gate	a02daf5	2026-08-15
T7-dry-run-gate	ffe45ca	2026-08-15
T2-dry-run-gate	fb49029	2026-08-15
T3-dry-run-gate	5247180	2026-08-15
T4-dry-run-gate	c0cb22a	2026-08-15
T5-dry-run-gate	aaa63f0	2026-08-15
T6-dry-run-gate	d95fbb1	2026-08-15
T8-dry-run-gate	3a43402	2026-08-15
R0-input-repair	1c10aa3	2026-08-15
R1-input-repair	c18d7a4	2026-08-15
R3-input-repair	5452942	2026-08-15
R5-input-repair	5452942	2026-08-15
R2-input-repair	776ed08	2026-08-15
R6-input-repair	b9bf124	2026-08-15
R7-input-repair	b9bf124	2026-08-15
